<?xml version="1.0" encoding="UTF-8"?>
<metadata modelVersion="1.1.0">
  <groupId>it.myti.academy</groupId>
  <artifactId>backend</artifactId>
  <version>0.1.1-SNAPSHOT</version>
  <versioning>
    <snapshot>
      <localCopy>true</localCopy>
    </snapshot>
    <lastUpdated>20190307214520</lastUpdated>
    <snapshotVersions>
      <snapshotVersion>
        <extension>jar</extension>
        <value>0.1.1-SNAPSHOT</value>
        <updated>20190307214520</updated>
      </snapshotVersion>
      <snapshotVersion>
        <extension>pom</extension>
        <value>0.1.1-SNAPSHOT</value>
        <updated>20190307214520</updated>
      </snapshotVersion>
    </snapshotVersions>
  </versioning>
</metadata>
